<?xml version="1.0" encoding="UTF-8"?>
<project-private xmlns="http://www.netbeans.org/ns/project-private/1">
    <editor-bookmarks xmlns="http://www.netbeans.org/ns/editor-bookmarks/2" lastBookmarkId="0"/>
    <open-files xmlns="http://www.netbeans.org/ns/projectui-open-files/2">
        <group>
            <file>file:/C:/Users/asus/Documents/NetBeansProjects/YouRSearchEngine/src/OurPipeline.java</file>
            <file>file:/C:/Users/asus/Documents/NetBeansProjects/YouRSearchEngine/src/BooleanQuery.java</file>
            <file>file:/C:/Users/asus/Documents/NetBeansProjects/YouRSearchEngine/src/FXMLDocumentController.java</file>
            <file>file:/C:/Users/asus/Documents/NetBeansProjects/YouRSearchEngine/src/Preprocessor.java</file>
            <file>file:/C:/Users/asus/Documents/NetBeansProjects/YouRSearchEngine/src/Tester.java</file>
            <file>file:/C:/Users/asus/Documents/NetBeansProjects/YouRSearchEngine/build.xml</file>
            <file>file:/C:/Users/asus/Documents/NetBeansProjects/YouRSearchEngine/src/FXMLDocument.fxml</file>
            <file>file:/C:/Users/asus/Documents/NetBeansProjects/YouRSearchEngine/src/YouRSearchEngine.java</file>
        </group>
    </open-files>
</project-private>
